method,c1_ls,c2_ls,success_rate,avg_iterations,avg_f_eval,avg_g_eval,avg_cpu_sec
BFGSW,1e-05,0.1,1.0,53.833333333333336,356.5,357.5,1.5023384083331923
BFGSW,1e-05,0.2,1.0,54.166666666666664,362.1666666666667,363.1666666666667,1.430367858333284
BFGSW,1e-05,0.3,1.0,54.083333333333336,351.25,352.25,1.4550682000002173
BFGSW,1e-05,0.4,1.0,54.416666666666664,350.25,351.25,1.69583216666706
BFGSW,1e-05,0.5,1.0,54.666666666666664,348.1666666666667,349.1666666666667,1.5887051249998574
BFGSW,1e-05,0.6,1.0,57.0,351.5833333333333,352.5833333333333,1.6085664749997097
BFGSW,1e-05,0.7,1.0,57.666666666666664,349.1666666666667,350.1666666666667,1.5580111666664986
BFGSW,1e-05,0.8,1.0,58.416666666666664,349.0833333333333,350.0833333333333,1.5550412000000808
BFGSW,1e-05,0.9,1.0,59.5,351.5,352.5,1.5820251916663135
BFGSW,1e-05,0.99,1.0,59.75,351.6666666666667,352.6666666666667,1.5744416333332083
BFGSW,5e-05,0.1,1.0,53.833333333333336,356.5,357.5,1.5852674750003644
BFGSW,5e-05,0.2,1.0,54.166666666666664,362.1666666666667,363.1666666666667,1.687796258333795
BFGSW,5e-05,0.3,1.0,54.083333333333336,351.25,352.25,1.572517125000104
BFGSW,5e-05,0.4,1.0,54.416666666666664,350.25,351.25,1.7269816166666108
BFGSW,5e-05,0.5,1.0,54.666666666666664,348.1666666666667,349.1666666666667,1.6045347333335183
BFGSW,5e-05,0.6,1.0,57.0,351.5833333333333,352.5833333333333,1.3560065000001487
BFGSW,5e-05,0.7,1.0,57.666666666666664,349.1666666666667,350.1666666666667,1.3575188250000185
BFGSW,5e-05,0.8,1.0,58.416666666666664,349.0833333333333,350.0833333333333,1.395395783333394
BFGSW,5e-05,0.9,1.0,59.5,351.5,352.5,1.3820777999996305
BFGSW,5e-05,0.99,1.0,59.75,351.6666666666667,352.6666666666667,1.3926958666669027
BFGSW,0.0001,0.1,1.0,53.75,356.3333333333333,357.3333333333333,1.3955863833328597
BFGSW,0.0001,0.2,1.0,54.0,362.25,363.25,1.40936777500004
BFGSW,0.0001,0.3,1.0,53.916666666666664,351.3333333333333,352.3333333333333,1.447119191666843
BFGSW,0.0001,0.4,1.0,54.25,350.3333333333333,351.3333333333333,1.4156519333338717
BFGSW,0.0001,0.5,1.0,54.5,348.25,349.25,1.3759449499998482
BFGSW,0.0001,0.6,1.0,56.833333333333336,351.6666666666667,352.6666666666667,1.3953696166668124
BFGSW,0.0001,0.7,1.0,57.5,349.25,350.25,1.3841303333333599
BFGSW,0.0001,0.8,1.0,58.333333333333336,349.25,350.25,1.4043730500002312
BFGSW,0.0001,0.9,1.0,59.25,351.5,352.5,1.3930861583335172
BFGSW,0.0001,0.99,1.0,59.5,351.6666666666667,352.6666666666667,1.4101663750000928
BFGSW,0.0005,0.1,1.0,53.75,356.3333333333333,357.3333333333333,1.4313363416667926
BFGSW,0.0005,0.2,1.0,54.0,362.25,363.25,1.376320341666542
BFGSW,0.0005,0.3,1.0,53.916666666666664,351.3333333333333,352.3333333333333,1.3598515333334642
BFGSW,0.0005,0.4,1.0,54.25,350.3333333333333,351.3333333333333,1.384016500000295
BFGSW,0.0005,0.5,1.0,54.5,348.25,349.25,1.3716575749998203
BFGSW,0.0005,0.6,1.0,56.833333333333336,351.6666666666667,352.6666666666667,1.388908258333231
BFGSW,0.0005,0.7,1.0,57.5,349.25,350.25,1.396875275000184
BFGSW,0.0005,0.8,1.0,58.333333333333336,349.25,350.25,1.396994416666833
BFGSW,0.0005,0.9,1.0,59.25,351.5,352.5,1.4024740333337224
BFGSW,0.0005,0.99,1.0,59.5,351.6666666666667,352.6666666666667,1.4480374666662403
BFGSW,0.001,0.1,1.0,52.916666666666664,353.0833333333333,354.0833333333333,1.3789678666666987
BFGSW,0.001,0.2,1.0,53.416666666666664,360.75,361.75,1.3832789833331844
BFGSW,0.001,0.3,1.0,53.166666666666664,349.5,350.5,1.3747257166664895
BFGSW,0.001,0.4,1.0,53.416666666666664,348.5,349.5,1.389993691667011
BFGSW,0.001,0.5,1.0,53.833333333333336,347.25,348.25,1.3812161416666033
BFGSW,0.001,0.6,1.0,56.166666666666664,350.6666666666667,351.6666666666667,1.3712983666664513
BFGSW,0.001,0.7,1.0,56.25,348.0833333333333,349.0833333333333,1.3830374083330146
BFGSW,0.001,0.8,1.0,57.083333333333336,348.25,349.25,1.3757614499998756
BFGSW,0.001,0.9,1.0,57.833333333333336,350.3333333333333,351.3333333333333,1.3710929083331393
BFGSW,0.001,0.99,1.0,58.083333333333336,350.5,351.5,1.380687591666477
BFGSW,0.005,0.1,1.0,52.833333333333336,353.0833333333333,354.0833333333333,1.3811581583333161
BFGSW,0.005,0.2,1.0,53.333333333333336,360.75,361.75,1.37968627500004
BFGSW,0.005,0.3,1.0,53.083333333333336,349.5,350.5,1.376417841666959
BFGSW,0.005,0.4,1.0,53.333333333333336,348.5,349.5,1.3768812583334693
BFGSW,0.005,0.5,1.0,53.75,347.25,348.25,1.391316666666474
BFGSW,0.005,0.6,1.0,56.083333333333336,350.6666666666667,351.6666666666667,1.3800818583329904
BFGSW,0.005,0.7,1.0,56.166666666666664,348.0833333333333,349.0833333333333,1.3882116833331868
BFGSW,0.005,0.8,1.0,57.0,348.25,349.25,1.3792325583331149
BFGSW,0.005,0.9,1.0,57.75,350.3333333333333,351.3333333333333,1.38044404166673
BFGSW,0.005,0.99,1.0,58.0,350.5,351.5,1.3792295333331215
BFGSW,0.01,0.1,1.0,52.75,362.4166666666667,363.4166666666667,1.369285575000049
BFGSW,0.01,0.2,1.0,53.333333333333336,353.4166666666667,354.4166666666667,1.3859825583334289
BFGSW,0.01,0.3,1.0,52.916666666666664,358.75,359.75,1.385579416666739
BFGSW,0.01,0.4,1.0,53.166666666666664,357.75,358.75,1.3872647250001744
BFGSW,0.01,0.5,1.0,53.666666666666664,348.1666666666667,349.1666666666667,1.3829931000000215
BFGSW,0.01,0.6,1.0,56.0,351.5,352.5,1.4117101583336382
BFGSW,0.01,0.7,1.0,56.083333333333336,348.9166666666667,349.9166666666667,1.39280075833373
BFGSW,0.01,0.8,1.0,56.916666666666664,349.0833333333333,350.0833333333333,1.3975544083335383
BFGSW,0.01,0.9,1.0,57.666666666666664,351.1666666666667,352.1666666666667,1.3792317750000318
BFGSW,0.01,0.99,1.0,57.916666666666664,351.3333333333333,352.3333333333333,1.3897468666665798
BFGSW,0.05,0.1,1.0,47.833333333333336,334.3333333333333,335.3333333333333,1.183673708333269
BFGSW,0.05,0.2,1.0,48.416666666666664,325.3333333333333,326.3333333333333,1.2661858416669627
BFGSW,0.05,0.3,1.0,47.833333333333336,330.75,331.75,1.1903226666663613
BFGSW,0.05,0.4,1.0,48.25,329.6666666666667,330.6666666666667,1.2292651000000963
BFGSW,0.05,0.5,1.0,48.75,320.0833333333333,321.0833333333333,1.220728708333354
BFGSW,0.05,0.6,1.0,51.833333333333336,323.6666666666667,324.6666666666667,1.2110065999997157
BFGSW,0.05,0.7,1.0,51.083333333333336,320.5833333333333,321.5833333333333,1.2003979166667402
BFGSW,0.05,0.8,1.0,52.0,321.25,322.25,1.2232422666666025
BFGSW,0.05,0.9,1.0,52.666666666666664,323.0,324.0,1.2084786000001866
BFGSW,0.05,0.99,1.0,53.0,323.25,324.25,1.2086597416669065
DFPW,1e-05,0.1,1.0,52.416666666666664,264.1666666666667,265.1666666666667,0.4186449083331354
DFPW,1e-05,0.2,1.0,111.25,977.8333333333334,978.8333333333334,0.4161776916666895
DFPW,1e-05,0.3,1.0,55.0,243.83333333333334,244.83333333333334,0.40040264166676326
DFPW,1e-05,0.4,1.0,56.916666666666664,254.58333333333334,255.58333333333334,0.3938882749997295
DFPW,1e-05,0.5,1.0,138.0,732.1666666666666,733.1666666666666,0.41570070833298206
DFPW,1e-05,0.6,1.0,175.83333333333334,355.1666666666667,356.1666666666667,0.40039509999966566
DFPW,1e-05,0.7,1.0,157.41666666666666,338.5,339.5,0.40814335000004576
DFPW,1e-05,0.8,1.0,151.91666666666666,340.6666666666667,341.6666666666667,0.4032226749999002
DFPW,1e-05,0.9,1.0,138.91666666666666,293.9166666666667,294.9166666666667,0.4109529666666276
DFPW,1e-05,0.99,1.0,148.16666666666666,289.9166666666667,290.9166666666667,0.41964931666673994
DFPW,5e-05,0.1,1.0,52.416666666666664,264.1666666666667,265.1666666666667,0.4108186083338599
DFPW,5e-05,0.2,1.0,111.25,977.8333333333334,978.8333333333334,0.42229345833326687
DFPW,5e-05,0.3,1.0,55.0,243.83333333333334,244.83333333333334,0.4079820083332682
DFPW,5e-05,0.4,1.0,56.916666666666664,254.58333333333334,255.58333333333334,0.4101585083330974
DFPW,5e-05,0.5,1.0,138.0,732.1666666666666,733.1666666666666,0.4123991999996785
DFPW,5e-05,0.6,1.0,175.83333333333334,355.1666666666667,356.1666666666667,0.40159447500006235
DFPW,5e-05,0.7,1.0,157.41666666666666,338.5,339.5,0.4179389416664587
DFPW,5e-05,0.8,1.0,151.91666666666666,340.6666666666667,341.6666666666667,0.4069721999999274
DFPW,5e-05,0.9,1.0,138.91666666666666,293.9166666666667,294.9166666666667,0.4066571666668703
DFPW,5e-05,0.99,1.0,148.16666666666666,289.9166666666667,290.9166666666667,0.41423649999978807
DFPW,0.0001,0.1,1.0,52.333333333333336,264.0,265.0,0.39595134166650797
DFPW,0.0001,0.2,1.0,111.16666666666667,977.6666666666666,978.6666666666666,0.41771156666648795
DFPW,0.0001,0.3,1.0,54.833333333333336,243.91666666666666,244.91666666666666,0.4171848083333316
DFPW,0.0001,0.4,1.0,56.75,254.66666666666666,255.66666666666666,0.41836554166699597
DFPW,0.0001,0.5,1.0,137.83333333333334,732.25,733.25,0.43928778333323254
DFPW,0.0001,0.6,1.0,175.66666666666666,355.25,356.25,0.4274146500000218
DFPW,0.0001,0.7,1.0,157.25,338.5833333333333,339.5833333333333,0.40431637499978024
DFPW,0.0001,0.8,1.0,151.83333333333334,340.8333333333333,341.8333333333333,0.4062636083331199
DFPW,0.0001,0.9,1.0,138.66666666666666,293.9166666666667,294.9166666666667,0.405482991666607
DFPW,0.0001,0.99,1.0,147.91666666666666,289.9166666666667,290.9166666666667,0.40044445833351955
DFPW,0.0005,0.1,1.0,47.083333333333336,260.5,261.5,0.33132115000004586
DFPW,0.0005,0.2,1.0,105.91666666666667,974.1666666666666,975.1666666666666,0.34398639166647627
DFPW,0.0005,0.3,1.0,49.583333333333336,240.41666666666666,241.41666666666666,0.32886459999978496
DFPW,0.0005,0.4,1.0,51.5,251.16666666666666,252.16666666666666,0.3300443500000559
DFPW,0.0005,0.5,1.0,132.58333333333334,728.75,729.75,0.34004105833340265
DFPW,0.0005,0.6,1.0,170.41666666666666,351.75,352.75,0.33617330833309705
DFPW,0.0005,0.7,1.0,152.0,335.0833333333333,336.0833333333333,0.33328338333330976
DFPW,0.0005,0.8,1.0,146.58333333333334,349.0833333333333,350.0833333333333,0.3365191166662953
DFPW,0.0005,0.9,1.0,133.41666666666666,290.4166666666667,291.4166666666667,0.33949218333327735
DFPW,0.0005,0.99,1.0,142.66666666666666,286.4166666666667,287.4166666666667,0.3335534333335393
DFPW,0.001,0.1,1.0,44.416666666666664,205.0,206.0,0.3300700416669618
DFPW,0.001,0.2,1.0,104.25,941.4166666666666,942.4166666666666,0.34755237500000175
DFPW,0.001,0.3,1.0,42.916666666666664,190.58333333333334,191.58333333333334,0.33111919999995126
DFPW,0.001,0.4,1.0,47.916666666666664,205.16666666666666,206.16666666666666,0.32993764166697775
DFPW,0.001,0.5,1.0,124.0,678.8333333333334,679.8333333333334,0.3370091333331402
DFPW,0.001,0.6,1.0,130.08333333333334,294.3333333333333,295.3333333333333,0.33493607500001116
DFPW,0.001,0.7,1.0,125.41666666666667,292.4166666666667,293.4166666666667,0.33188128333313216
DFPW,0.001,0.8,1.0,126.08333333333333,315.1666666666667,316.1666666666667,0.3323902333334748
DFPW,0.001,0.9,1.0,125.25,272.9166666666667,273.9166666666667,0.3341747666666682
DFPW,0.001,0.99,1.0,126.08333333333333,269.0833333333333,270.0833333333333,0.33153554999974705
DFPW,0.005,0.1,1.0,44.416666666666664,205.0,206.0,0.33019564999995055
DFPW,0.005,0.2,1.0,111.58333333333333,1080.75,1081.75,0.3441639999997885
DFPW,0.005,0.3,1.0,42.916666666666664,190.58333333333334,191.58333333333334,0.32930526666677906
DFPW,0.005,0.4,1.0,47.916666666666664,205.16666666666666,206.16666666666666,0.32927757499995397
DFPW,0.005,0.5,1.0,124.0,678.8333333333334,679.8333333333334,0.33855144166667134
DFPW,0.005,0.6,1.0,130.08333333333334,294.3333333333333,295.3333333333333,0.33371550000007727
DFPW,0.005,0.7,1.0,125.41666666666667,292.4166666666667,293.4166666666667,0.32963107499987626
DFPW,0.005,0.8,1.0,126.08333333333333,298.1666666666667,299.1666666666667,0.33462513333294436
DFPW,0.005,0.9,1.0,125.25,272.9166666666667,273.9166666666667,0.3357134083332009
DFPW,0.005,0.99,1.0,126.08333333333333,269.0833333333333,270.0833333333333,0.3308444666666522
DFPW,0.01,0.1,1.0,44.416666666666664,205.0,206.0,0.3327903583335683
DFPW,0.01,0.2,1.0,111.58333333333333,1080.75,1081.75,0.3440562000002198
DFPW,0.01,0.3,1.0,42.916666666666664,190.58333333333334,191.58333333333334,0.32576926666646006
DFPW,0.01,0.4,1.0,47.916666666666664,205.16666666666666,206.16666666666666,0.32820012500011825
DFPW,0.01,0.5,1.0,124.0,678.8333333333334,679.8333333333334,0.3432769166665821
DFPW,0.01,0.6,1.0,130.08333333333334,294.3333333333333,295.3333333333333,0.334067166666955
DFPW,0.01,0.7,1.0,125.41666666666667,292.4166666666667,293.4166666666667,0.330152058333321
DFPW,0.01,0.8,1.0,126.08333333333333,298.1666666666667,299.1666666666667,0.3337991749996642
DFPW,0.01,0.9,1.0,125.25,272.9166666666667,273.9166666666667,0.3321292750001703
DFPW,0.01,0.99,1.0,126.08333333333333,269.0833333333333,270.0833333333333,0.3712482583335562
DFPW,0.05,0.1,1.0,44.416666666666664,228.41666666666666,229.41666666666666,0.37837487499988737
DFPW,0.05,0.2,1.0,111.41666666666667,1102.6666666666667,1103.6666666666667,0.41371599999971903
DFPW,0.05,0.3,1.0,44.333333333333336,225.0,226.0,0.3944234416667314
DFPW,0.05,0.4,1.0,53.333333333333336,244.16666666666666,245.16666666666666,0.3862817166662656
DFPW,0.05,0.5,1.0,77.33333333333333,368.4166666666667,369.4166666666667,0.4130898166664944
DFPW,0.05,0.6,1.0,147.58333333333334,316.1666666666667,317.1666666666667,0.4065802333335948
DFPW,0.05,0.7,1.0,142.91666666666666,303.5,304.5,0.4067613916663504
DFPW,0.05,0.8,1.0,128.0,296.75,297.75,0.3984745416667768
DFPW,0.05,0.9,1.0,128.33333333333334,279.4166666666667,280.4166666666667,0.32423517500016413
DFPW,0.05,0.99,1.0,129.16666666666666,276.0,277.0,0.3158941583333217
GradientDescentW,1e-05,0.1,1.0,311.1666666666667,2811.5833333333335,2812.5833333333335,0.24738279999958954
GradientDescentW,1e-05,0.2,1.0,311.1666666666667,2811.0,2812.0,0.23976201666679722
GradientDescentW,1e-05,0.3,1.0,315.0,2821.9166666666665,2822.9166666666665,0.2462634750001295
GradientDescentW,1e-05,0.4,1.0,316.0833333333333,2821.9166666666665,2822.9166666666665,0.24511072500005562
GradientDescentW,1e-05,0.5,1.0,316.8333333333333,2824.9166666666665,2825.9166666666665,0.24626100833332507
GradientDescentW,1e-05,0.6,1.0,316.5,2818.4166666666665,2819.4166666666665,0.2432565083334642
GradientDescentW,1e-05,0.7,1.0,313.6666666666667,2810.9166666666665,2811.9166666666665,0.24095215000033932
GradientDescentW,1e-05,0.8,1.0,323.8333333333333,2838.8333333333335,2839.8333333333335,0.26503467500000016
GradientDescentW,1e-05,0.9,1.0,328.4166666666667,2845.5,2846.5,0.282679691666696
GradientDescentW,1e-05,0.99,1.0,326.25,2836.75,2837.75,0.28096622500000495
GradientDescentW,5e-05,0.1,1.0,310.8333333333333,2811.25,2812.25,0.2818359833334701
GradientDescentW,5e-05,0.2,1.0,310.9166666666667,2810.5,2811.5,0.28757300833361416
GradientDescentW,5e-05,0.3,1.0,314.75,2821.4166666666665,2822.4166666666665,0.2864678583332534
GradientDescentW,5e-05,0.4,1.0,315.8333333333333,2821.4166666666665,2822.4166666666665,0.2683721583336289
GradientDescentW,5e-05,0.5,1.0,317.0833333333333,2824.6666666666665,2825.6666666666665,0.2634336166668921
GradientDescentW,5e-05,0.6,1.0,316.1666666666667,2817.5833333333335,2818.5833333333335,0.2666963833335103
GradientDescentW,5e-05,0.7,1.0,313.3333333333333,2810.0833333333335,2811.0833333333335,0.2637150250000862
GradientDescentW,5e-05,0.8,1.0,323.5,2838.0,2839.0,0.262670675000057
GradientDescentW,5e-05,0.9,1.0,328.0833333333333,2844.6666666666665,2845.6666666666665,0.26318811666684877
GradientDescentW,5e-05,0.99,1.0,325.9166666666667,2835.9166666666665,2836.9166666666665,0.2649699083331143
GradientDescentW,0.0001,0.1,1.0,309.8333333333333,2809.1666666666665,2810.1666666666665,0.2659559666669035
GradientDescentW,0.0001,0.2,1.0,309.8333333333333,2808.5833333333335,2809.5833333333335,0.26337213333317777
GradientDescentW,0.0001,0.3,1.0,313.6666666666667,2819.5,2820.5,0.26713316666670534
GradientDescentW,0.0001,0.4,1.0,314.75,2819.5,2820.5,0.2663293249999394
GradientDescentW,0.0001,0.5,1.0,315.5,2822.5,2823.5,0.3027169749998393
GradientDescentW,0.0001,0.6,1.0,315.1666666666667,2816.0,2817.0,0.30877889166670985
GradientDescentW,0.0001,0.7,1.0,312.3333333333333,2808.5,2809.5,0.2749512583335066
GradientDescentW,0.0001,0.8,1.0,322.8333333333333,2836.5833333333335,2837.5833333333335,0.2636324000000059
GradientDescentW,0.0001,0.9,1.0,327.4166666666667,2843.25,2844.25,0.28049760833361387
GradientDescentW,0.0001,0.99,1.0,325.25,2834.5,2835.5,0.26689709166703324
GradientDescentW,0.0005,0.1,1.0,309.75,2809.3333333333335,2810.3333333333335,0.26144809166665556
GradientDescentW,0.0005,0.2,1.0,309.8333333333333,2808.5833333333335,2809.5833333333335,0.2660921499999252
GradientDescentW,0.0005,0.3,1.0,313.6666666666667,2819.5,2820.5,0.2633787999998276
GradientDescentW,0.0005,0.4,1.0,314.75,2819.5,2820.5,0.2772255166663247
GradientDescentW,0.0005,0.5,1.0,315.9166666666667,2822.6666666666665,2823.6666666666665,0.2645805833334028
GradientDescentW,0.0005,0.6,1.0,315.0,2815.5833333333335,2816.5833333333335,0.2630578750001102
GradientDescentW,0.0005,0.7,1.0,312.1666666666667,2808.0833333333335,2809.0833333333335,0.2681451333332916
GradientDescentW,0.0005,0.8,1.0,322.6666666666667,2836.1666666666665,2837.1666666666665,0.2810756666664626
GradientDescentW,0.0005,0.9,1.0,327.25,2842.8333333333335,2843.8333333333335,0.27378835833360426
GradientDescentW,0.0005,0.99,1.0,325.0833333333333,2834.0833333333335,2835.0833333333335,0.26317470000003595
GradientDescentW,0.001,0.1,1.0,309.25,2808.75,2809.75,0.26002829166645824
GradientDescentW,0.001,0.2,1.0,309.25,2808.1666666666665,2809.1666666666665,0.2610483750001246
GradientDescentW,0.001,0.3,1.0,313.0833333333333,2819.0833333333335,2820.0833333333335,0.26705855833324676
GradientDescentW,0.001,0.4,1.0,314.1666666666667,2819.0833333333335,2820.0833333333335,0.26565323333337193
GradientDescentW,0.001,0.5,1.0,315.3333333333333,2822.25,2823.25,0.2666628666664413
GradientDescentW,0.001,0.6,1.0,314.25,2815.0833333333335,2816.0833333333335,0.2703532333336322
GradientDescentW,0.001,0.7,1.0,311.4166666666667,2807.5833333333335,2808.5833333333335,0.26245845833318526
GradientDescentW,0.001,0.8,1.0,322.25,2835.8333333333335,2836.8333333333335,0.26768545833374446
GradientDescentW,0.001,0.9,1.0,326.8333333333333,2842.5,2843.5,0.26549387499972
GradientDescentW,0.001,0.99,1.0,324.6666666666667,2833.75,2834.75,0.2818528833331584
GradientDescentW,0.005,0.1,1.0,308.4166666666667,2804.1666666666665,2805.1666666666665,0.26463347500020973
GradientDescentW,0.005,0.2,1.0,308.4166666666667,2803.5833333333335,2804.5833333333335,0.26582455833325486
GradientDescentW,0.005,0.3,1.0,312.25,2814.5,2815.5,0.2656847416665187
GradientDescentW,0.005,0.4,1.0,313.3333333333333,2814.5,2815.5,0.2651245666666
GradientDescentW,0.005,0.5,1.0,314.5,2817.6666666666665,2818.6666666666665,0.2653748416664712
GradientDescentW,0.005,0.6,1.0,313.4166666666667,2810.5,2811.5,0.26743309166674106
GradientDescentW,0.005,0.7,1.0,310.5833333333333,2803.0,2804.0,0.2706627333335139
GradientDescentW,0.005,0.8,1.0,320.5,2828.9166666666665,2829.9166666666665,0.26384536666682834
GradientDescentW,0.005,0.9,1.0,322.6666666666667,2826.6666666666665,2827.6666666666665,0.283976408333577
GradientDescentW,0.005,0.99,1.0,323.8333333333333,2829.1666666666665,2830.1666666666665,0.2673033916668525
GradientDescentW,0.01,0.1,1.0,308.4166666666667,2805.6666666666665,2806.6666666666665,0.2685368833335815
GradientDescentW,0.01,0.2,1.0,308.4166666666667,2805.0833333333335,2806.0833333333335,0.2761283666663985
GradientDescentW,0.01,0.3,1.0,309.8333333333333,2806.0,2807.0,0.2688429916665882
GradientDescentW,0.01,0.4,1.0,313.3333333333333,2816.0,2817.0,0.26833433333316253
GradientDescentW,0.01,0.5,1.0,315.9166666666667,2825.6666666666665,2826.6666666666665,0.2706762250002915
GradientDescentW,0.01,0.6,1.0,313.4166666666667,2812.0,2813.0,0.27437253333346234
GradientDescentW,0.01,0.7,1.0,310.5833333333333,2804.5,2805.5,0.2662381666667291
GradientDescentW,0.01,0.8,1.0,321.25,2832.5833333333335,2833.5833333333335,0.2679402583333588
GradientDescentW,0.01,0.9,1.0,322.6666666666667,2828.1666666666665,2829.1666666666665,0.27105150000049133
GradientDescentW,0.01,0.99,1.0,323.8333333333333,2830.6666666666665,2831.6666666666665,0.27141436666685576
GradientDescentW,0.05,0.1,1.0,307.6666666666667,2795.5,2796.5,0.28370691666638476
GradientDescentW,0.05,0.2,1.0,307.6666666666667,2795.5,2796.5,0.2660742916665792
GradientDescentW,0.05,0.3,1.0,311.0,2800.25,2801.25,0.26908689999982016
GradientDescentW,0.05,0.4,1.0,315.3333333333333,2814.8333333333335,2815.8333333333335,0.2690513249998124
GradientDescentW,0.05,0.5,1.0,312.5,2804.9166666666665,2805.9166666666665,0.2719047500002792
GradientDescentW,0.05,0.6,1.0,312.5,2800.5,2801.5,0.2694792500001313
GradientDescentW,0.05,0.7,1.0,309.6666666666667,2792.9166666666665,2793.9166666666665,0.2716317333335307
GradientDescentW,0.05,0.8,1.0,321.1666666666667,2823.75,2824.75,0.2706290416666282
GradientDescentW,0.05,0.9,1.0,322.0833333333333,2815.8333333333335,2816.8333333333335,0.27448964166675677
GradientDescentW,0.05,0.99,1.0,322.0,2816.4166666666665,2817.4166666666665,0.2702206750001703
NewtonW,1e-05,0.1,1.0,6.916666666666667,20.083333333333332,21.083333333333332,0.007557933333221929
NewtonW,1e-05,0.2,1.0,7.25,18.916666666666668,19.916666666666668,0.006234191666559734
NewtonW,1e-05,0.3,1.0,8.333333333333334,17.5,18.5,0.0062111166665393585
NewtonW,1e-05,0.4,1.0,8.0,16.333333333333332,17.333333333333332,0.006235291666750224
NewtonW,1e-05,0.5,1.0,7.916666666666667,15.083333333333334,16.083333333333332,0.006272983333171093
NewtonW,1e-05,0.6,1.0,8.833333333333334,16.833333333333332,17.833333333333332,0.0065091000001302746
NewtonW,1e-05,0.7,1.0,9.75,18.666666666666668,19.666666666666668,0.006443975000214171
NewtonW,1e-05,0.8,1.0,9.916666666666666,19.25,20.25,0.0069100833335748275
NewtonW,1e-05,0.9,1.0,9.583333333333334,17.5,18.5,0.006695241666572353
NewtonW,1e-05,0.99,1.0,11.0,18.333333333333332,19.333333333333332,0.006929125000321316
NewtonW,5e-05,0.1,1.0,6.916666666666667,20.083333333333332,21.083333333333332,0.006258158333366737
NewtonW,5e-05,0.2,1.0,7.25,18.916666666666668,19.916666666666668,0.006581708333366502
NewtonW,5e-05,0.3,1.0,8.333333333333334,17.5,18.5,0.0061934666665971845
NewtonW,5e-05,0.4,1.0,8.0,16.333333333333332,17.333333333333332,0.006333283332878636
NewtonW,5e-05,0.5,1.0,7.916666666666667,15.083333333333334,16.083333333333332,0.006475491667060851
NewtonW,5e-05,0.6,1.0,8.833333333333334,16.833333333333332,17.833333333333332,0.00645760833337287
NewtonW,5e-05,0.7,1.0,9.75,18.666666666666668,19.666666666666668,0.006427975000102985
NewtonW,5e-05,0.8,1.0,9.916666666666666,19.25,20.25,0.006450074999975186
NewtonW,5e-05,0.9,1.0,9.583333333333334,17.5,18.5,0.006623633333674661
NewtonW,5e-05,0.99,1.0,11.0,18.333333333333332,19.333333333333332,0.006415475000115596
NewtonW,0.0001,0.1,1.0,6.916666666666667,20.083333333333332,21.083333333333332,0.0064628166671051685
NewtonW,0.0001,0.2,1.0,7.25,18.916666666666668,19.916666666666668,0.0062996583334703855
NewtonW,0.0001,0.3,1.0,8.333333333333334,17.5,18.5,0.006205749999783923
NewtonW,0.0001,0.4,1.0,8.0,16.333333333333332,17.333333333333332,0.0060973499998908665
NewtonW,0.0001,0.5,1.0,7.916666666666667,15.083333333333334,16.083333333333332,0.006169425000280171
NewtonW,0.0001,0.6,1.0,8.833333333333334,16.833333333333332,17.833333333333332,0.006468833333353056
NewtonW,0.0001,0.7,1.0,9.75,18.666666666666668,19.666666666666668,0.006323466666799504
NewtonW,0.0001,0.8,1.0,9.916666666666666,19.25,20.25,0.006430949999867153
NewtonW,0.0001,0.9,1.0,9.583333333333334,17.5,18.5,0.006380750000062108
NewtonW,0.0001,0.99,1.0,11.0,18.333333333333332,19.333333333333332,0.006540358333192368
NewtonW,0.0005,0.1,1.0,6.916666666666667,20.083333333333332,21.083333333333332,0.006354449999738184
NewtonW,0.0005,0.2,1.0,7.25,18.916666666666668,19.916666666666668,0.006304466666430623
NewtonW,0.0005,0.3,1.0,8.333333333333334,17.5,18.5,0.006285399999796937
NewtonW,0.0005,0.4,1.0,8.0,16.333333333333332,17.333333333333332,0.006322358333363809
NewtonW,0.0005,0.5,1.0,7.916666666666667,15.083333333333334,16.083333333333332,0.0063170666665731305
NewtonW,0.0005,0.6,1.0,8.833333333333334,16.833333333333332,17.833333333333332,0.006121883333131943
NewtonW,0.0005,0.7,1.0,9.75,18.666666666666668,19.666666666666668,0.006467474999832727
NewtonW,0.0005,0.8,1.0,9.916666666666666,19.25,20.25,0.0062963749999956535
NewtonW,0.0005,0.9,1.0,9.583333333333334,17.5,18.5,0.006556058333141361
NewtonW,0.0005,0.99,1.0,11.0,18.333333333333332,19.333333333333332,0.006486866666667386
NewtonW,0.001,0.1,1.0,6.916666666666667,20.083333333333332,21.083333333333332,0.0065752666669141036
NewtonW,0.001,0.2,1.0,7.25,18.916666666666668,19.916666666666668,0.006627233333801996
NewtonW,0.001,0.3,1.0,8.333333333333334,17.5,18.5,0.0064431250001083145
NewtonW,0.001,0.4,1.0,8.0,16.333333333333332,17.333333333333332,0.006269649999921967
NewtonW,0.001,0.5,1.0,7.916666666666667,15.083333333333334,16.083333333333332,0.006179549999918284
NewtonW,0.001,0.6,1.0,8.833333333333334,16.833333333333332,17.833333333333332,0.006326816666993788
NewtonW,0.001,0.7,1.0,9.75,18.666666666666668,19.666666666666668,0.006455449999824244
NewtonW,0.001,0.8,1.0,9.916666666666666,19.25,20.25,0.006465541666784702
NewtonW,0.001,0.9,1.0,9.583333333333334,17.5,18.5,0.006287083333063492
NewtonW,0.001,0.99,1.0,11.0,18.333333333333332,19.333333333333332,0.006441174999811968
NewtonW,0.005,0.1,1.0,6.916666666666667,20.083333333333332,21.083333333333332,0.006281475000074958
NewtonW,0.005,0.2,1.0,7.25,18.916666666666668,19.916666666666668,0.006225033333218259
NewtonW,0.005,0.3,1.0,8.333333333333334,17.5,18.5,0.0063536833331454545
NewtonW,0.005,0.4,1.0,8.0,16.333333333333332,17.333333333333332,0.006690816666681106
NewtonW,0.005,0.5,1.0,7.916666666666667,15.083333333333334,16.083333333333332,0.007058149999769133
NewtonW,0.005,0.6,1.0,8.833333333333334,16.833333333333332,17.833333333333332,0.006940724999973706
NewtonW,0.005,0.7,1.0,9.75,18.666666666666668,19.666666666666668,0.006587774999995115
NewtonW,0.005,0.8,1.0,9.916666666666666,19.25,20.25,0.007607958333361846
NewtonW,0.005,0.9,1.0,9.583333333333334,17.5,18.5,0.007286049999796281
NewtonW,0.005,0.99,1.0,11.0,18.333333333333332,19.333333333333332,0.006989366666857677
NewtonW,0.01,0.1,1.0,6.916666666666667,20.083333333333332,21.083333333333332,0.006233708333335623
NewtonW,0.01,0.2,1.0,7.25,18.916666666666668,19.916666666666668,0.006836824999936653
NewtonW,0.01,0.3,1.0,8.333333333333334,17.5,18.5,0.006424341666691665
NewtonW,0.01,0.4,1.0,8.0,16.333333333333332,17.333333333333332,0.006410341666954385
NewtonW,0.01,0.5,1.0,7.916666666666667,15.083333333333334,16.083333333333332,0.006305708333457005
NewtonW,0.01,0.6,1.0,8.833333333333334,16.833333333333332,17.833333333333332,0.0064110750001115475
NewtonW,0.01,0.7,1.0,9.75,18.666666666666668,19.666666666666668,0.006522166666400153
NewtonW,0.01,0.8,1.0,9.916666666666666,19.25,20.25,0.006456058333090671
NewtonW,0.01,0.9,1.0,9.583333333333334,17.5,18.5,0.006363258332688322
NewtonW,0.01,0.99,1.0,11.0,18.333333333333332,19.333333333333332,0.006371316666597219
NewtonW,0.05,0.1,1.0,6.916666666666667,20.083333333333332,21.083333333333332,0.006088700000267029
NewtonW,0.05,0.2,1.0,7.166666666666667,18.666666666666668,19.666666666666668,0.006467641666555816
NewtonW,0.05,0.3,1.0,8.333333333333334,17.5,18.5,0.006280700000237023
NewtonW,0.05,0.4,1.0,8.0,16.333333333333332,17.333333333333332,0.006126641666469368
NewtonW,0.05,0.5,1.0,7.666666666666667,14.5,15.5,0.006000400000175432
NewtonW,0.05,0.6,1.0,10.083333333333334,19.583333333333332,20.583333333333332,0.0065147749998383615
NewtonW,0.05,0.7,1.0,9.75,18.5,19.5,0.006698933333306438
NewtonW,0.05,0.8,1.0,9.916666666666666,19.333333333333332,20.333333333333332,0.006586508333687864
NewtonW,0.05,0.9,1.0,11.0,20.666666666666668,21.666666666666668,0.006655325000034888
NewtonW,0.05,0.99,1.0,11.0,18.166666666666668,19.166666666666668,0.006465108333486569
